Date,price,pctChange
2/4/1991,1.139,NA
2/11/1991,1.106,-2.897
2/18/1991,1.078,-2.532
2/25/1991,1.054,-2.226
3/4/1991,1.025,-2.751
3/11/1991,1.045,1.951
3/18/1991,1.043,-0.191
3/25/1991,1.047,0.384
4/1/1991,1.052,0.478
4/8/1991,1.066,1.331
4/15/1991,1.069,0.281
4/22/1991,1.090,1.964
4/29/1991,1.104,1.284
5/6/1991,1.113,0.815
5/13/1991,1.121,0.719
5/20/1991,1.129,0.714
5/27/1991,1.140,0.974
6/3/1991,1.138,-0.175
6/10/1991,1.135,-0.264
6/17/1991,1.126,-0.793
6/24/1991,1.114,-1.066
7/1/1991,1.104,-0.898
7/8/1991,1.098,-0.543
7/15/1991,1.094,-0.364
7/22/1991,1.091,-0.274
7/29/1991,1.091,0.000
8/5/1991,1.099,0.733
8/12/1991,1.112,1.183
8/19/1991,1.124,1.079
8/26/1991,1.124,0.000
9/2/1991,1.127,0.267
9/9/1991,1.120,-0.621
9/16/1991,1.110,-0.893
9/23/1991,1.097,-1.171
9/30/1991,1.092,-0.456
10/7/1991,1.089,-0.275
10/14/1991,1.084,-0.459
10/21/1991,1.088,0.369
10/28/1991,1.091,0.276
11/4/1991,1.091,0.000
11/11/1991,1.102,1.008
11/18/1991,1.104,0.181
11/25/1991,1.099,-0.453
12/2/1991,1.099,0.000
12/9/1991,1.091,-0.728
12/16/1991,1.075,-1.467
12/23/1991,1.063,-1.116
12/30/1991,1.053,-0.941
1/6/1992,1.042,-1.045
1/13/1992,1.026,-1.536
1/20/1992,1.014,-1.170
1/27/1992,1.006,-0.789
2/3/1992,0.995,-1.093
2/10/1992,1.004,0.905
2/17/1992,1.011,0.697
2/24/1992,1.014,0.297
3/2/1992,1.012,-0.197
3/9/1992,1.013,0.099
3/16/1992,1.010,-0.296
3/23/1992,1.015,0.495
3/30/1992,1.013,-0.197
4/6/1992,1.026,1.283
4/13/1992,1.051,2.437
4/20/1992,1.058,0.666
4/27/1992,1.072,1.323
5/4/1992,1.089,1.586
5/11/1992,1.102,1.194
5/18/1992,1.118,1.452
5/25/1992,1.120,0.179
6/1/1992,1.128,0.714
6/8/1992,1.143,1.330
6/15/1992,1.151,0.700
6/22/1992,1.153,0.174
6/29/1992,1.149,-0.347
7/6/1992,1.147,-0.174
7/13/1992,1.139,-0.697
7/20/1992,1.132,-0.615
7/27/1992,1.128,-0.353
8/3/1992,1.126,-0.177
8/10/1992,1.123,-0.266
8/17/1992,1.116,-0.623
8/24/1992,1.123,0.627
8/31/1992,1.121,-0.178
9/7/1992,1.121,0.000
9/14/1992,1.124,0.268
9/21/1992,1.123,-0.089
9/28/1992,1.118,-0.445
10/5/1992,1.115,-0.268
10/12/1992,1.115,0.000
10/19/1992,1.113,-0.179
10/26/1992,1.113,0.000
11/2/1992,1.120,0.629
11/9/1992,1.120,0.000
11/16/1992,1.112,-0.714
11/23/1992,1.106,-0.540
11/30/1992,1.098,-0.723
12/7/1992,1.089,-0.820
12/14/1992,1.078,-1.010
12/21/1992,1.074,-0.371
12/28/1992,1.069,-0.466
1/4/1993,1.065,-0.374
1/11/1993,1.066,0.094
1/18/1993,1.061,-0.469
1/25/1993,1.055,-0.566
2/1/1993,1.055,0.000
2/8/1993,1.062,0.664
2/15/1993,1.053,-0.847
2/22/1993,1.047,-0.570
3/1/1993,1.042,-0.478
3/8/1993,1.048,0.576
3/15/1993,1.058,0.954
3/22/1993,1.056,-0.189
3/29/1993,1.057,0.095
4/5/1993,1.068,1.041
4/12/1993,1.079,1.030
4/19/1993,1.079,0.000
4/26/1993,1.086,0.649
5/3/1993,1.086,0.000
5/10/1993,1.097,1.013
5/17/1993,1.106,0.820
5/24/1993,1.106,0.000
5/31/1993,1.107,0.090
6/7/1993,1.104,-0.271
6/14/1993,1.101,-0.272
6/21/1993,1.095,-0.545
6/28/1993,1.089,-0.548
7/5/1993,1.086,-0.275
7/12/1993,1.081,-0.460
7/19/1993,1.075,-0.555
7/26/1993,1.069,-0.558
8/2/1993,1.062,-0.655
8/9/1993,1.060,-0.188
8/16/1993,1.059,-0.094
8/23/1993,1.065,0.567
8/30/1993,1.062,-0.282
9/6/1993,1.055,-0.659
9/13/1993,1.051,-0.379
9/20/1993,1.045,-0.571
9/27/1993,1.047,0.191
10/4/1993,1.092,4.298
10/11/1993,1.090,-0.183
10/18/1993,1.093,0.275
10/25/1993,1.092,-0.091
11/1/1993,1.084,-0.733
11/8/1993,1.075,-0.830
11/15/1993,1.064,-1.023
11/22/1993,1.058,-0.564
11/29/1993,1.051,-0.662
12/6/1993,1.036,-1.427
12/13/1993,1.018,-1.737
12/20/1993,1.003,-1.473
12/27/1993,0.999,-0.399
1/3/1994,0.992,-0.701
1/10/1994,0.995,0.302
1/17/1994,1.001,0.603
1/24/1994,0.999,-0.200
1/31/1994,1.005,0.601
2/7/1994,1.007,0.199
2/14/1994,1.016,0.894
2/21/1994,1.009,-0.689
2/28/1994,1.004,-0.496
3/7/1994,1.007,0.299
3/14/1994,1.005,-0.199
3/21/1994,1.007,0.199
3/28/1994,1.012,0.497
4/4/1994,1.011,-0.099
4/11/1994,1.028,1.682
4/18/1994,1.033,0.486
4/25/1994,1.037,0.387
5/2/1994,1.040,0.289
5/9/1994,1.045,0.481
5/16/1994,1.046,0.096
5/23/1994,1.050,0.382
5/30/1994,1.056,0.571
6/6/1994,1.065,0.852
6/13/1994,1.073,0.751
6/20/1994,1.079,0.559
6/27/1994,1.095,1.483
7/4/1994,1.097,0.183
7/11/1994,1.103,0.547
7/18/1994,1.109,0.544
7/25/1994,1.114,0.451
8/1/1994,1.130,1.436
8/8/1994,1.157,2.389
8/15/1994,1.161,0.346
8/22/1994,1.165,0.345
8/29/1994,1.161,-0.343
9/5/1994,1.156,-0.431
9/12/1994,1.150,-0.519
9/19/1994,1.140,-0.870
9/26/1994,1.129,-0.965
10/3/1994,1.120,-0.797
10/10/1994,1.114,-0.536
10/17/1994,1.106,-0.718
10/24/1994,1.107,0.090
10/31/1994,1.121,1.265
11/7/1994,1.123,0.178
11/14/1994,1.122,-0.089
11/21/1994,1.113,-0.802
11/28/1994,1.082,-2.785
12/5/1994,1.075,-0.647
12/12/1994,1.064,-1.023
12/19/1994,1.056,-0.752
12/26/1994,1.044,-1.136
1/2/1995,1.063,1.820
1/9/1995,1.070,0.659
1/16/1995,1.062,-0.748
1/23/1995,1.068,0.565
1/30/1995,1.068,0.000
2/6/1995,1.062,-0.562
2/13/1995,1.058,-0.377
2/20/1995,1.052,-0.567
2/27/1995,1.060,0.760
3/6/1995,1.063,0.283
3/13/1995,1.056,-0.659
3/20/1995,1.055,-0.095
3/27/1995,1.063,0.758
4/3/1995,1.077,1.317
4/10/1995,1.094,1.578
4/17/1995,1.110,1.463
4/24/1995,1.133,2.072
5/1/1995,1.141,0.706
5/8/1995,1.164,2.016
5/15/1995,1.173,0.773
5/22/1995,1.191,1.535
5/29/1995,1.193,0.168
6/5/1995,1.194,0.084
6/12/1995,1.190,-0.335
6/19/1995,1.183,-0.588
6/26/1995,1.177,-0.507
7/3/1995,1.169,-0.680
7/10/1995,1.159,-0.855
7/17/1995,1.148,-0.949
7/24/1995,1.138,-0.871
7/31/1995,1.126,-1.054
8/7/1995,1.124,-0.178
8/14/1995,1.121,-0.267
8/21/1995,1.122,0.089
8/28/1995,1.113,-0.802
9/4/1995,1.111,-0.180
9/11/1995,1.107,-0.360
9/18/1995,1.106,-0.090
9/25/1995,1.106,0.000
10/2/1995,1.100,-0.542
10/9/1995,1.092,-0.727
10/16/1995,1.081,-1.007
10/23/1995,1.073,-0.740
10/30/1995,1.062,-1.025
11/6/1995,1.060,-0.188
11/13/1995,1.059,-0.094
11/20/1995,1.056,-0.283
11/27/1995,1.057,0.095
12/4/1995,1.058,0.095
12/11/1995,1.057,-0.095
12/18/1995,1.072,1.419
12/25/1995,1.075,0.280
1/1/1996,1.077,0.186
1/8/1996,1.086,0.836
1/15/1996,1.092,0.552
1/22/1996,1.084,-0.733
1/29/1996,1.079,-0.461
2/5/1996,1.076,-0.278
2/12/1996,1.073,-0.279
2/19/1996,1.078,0.466
2/26/1996,1.099,1.948
3/4/1996,1.115,1.456
3/11/1996,1.116,0.090
3/18/1996,1.128,1.075
3/25/1996,1.158,2.660
4/1/1996,1.172,1.209
4/8/1996,1.195,1.962
4/15/1996,1.234,3.264
4/22/1996,1.243,0.729
4/29/1996,1.257,1.126
5/6/1996,1.259,0.159
5/13/1996,1.262,0.238
5/20/1996,1.269,0.555
5/27/1996,1.260,-0.709
6/3/1996,1.252,-0.635
6/10/1996,1.247,-0.399
6/17/1996,1.241,-0.481
6/24/1996,1.230,-0.886
7/1/1996,1.219,-0.894
7/8/1996,1.217,-0.164
7/15/1996,1.215,-0.164
7/22/1996,1.215,0.000
7/29/1996,1.209,-0.494
8/5/1996,1.199,-0.827
8/12/1996,1.196,-0.250
8/19/1996,1.199,0.251
8/26/1996,1.201,0.167
9/2/1996,1.193,-0.666
9/9/1996,1.201,0.671
9/16/1996,1.203,0.167
9/23/1996,1.203,0.000
9/30/1996,1.199,-0.333
10/7/1996,1.191,-0.667
10/14/1996,1.203,1.008
10/21/1996,1.205,0.166
10/28/1996,1.217,0.996
11/4/1996,1.225,0.657
11/11/1996,1.229,0.327
11/18/1996,1.238,0.732
11/25/1996,1.246,0.646
12/2/1996,1.242,-0.321
12/9/1996,1.241,-0.081
12/16/1996,1.233,-0.645
12/23/1996,1.227,-0.487
12/30/1996,1.224,-0.244
1/6/1997,1.220,-0.327
1/13/1997,1.235,1.230
1/20/1997,1.236,0.081
1/27/1997,1.232,-0.324
2/3/1997,1.230,-0.162
2/10/1997,1.227,-0.244
2/17/1997,1.220,-0.570
2/24/1997,1.217,-0.246
3/3/1997,1.208,-0.740
3/10/1997,1.199,-0.745
3/17/1997,1.191,-0.667
3/24/1997,1.196,0.420
3/31/1997,1.191,-0.418
4/7/1997,1.192,0.084
4/14/1997,1.187,-0.419
4/21/1997,1.188,0.084
4/28/1997,1.185,-0.253
5/5/1997,1.182,-0.253
5/12/1997,1.182,0.000
5/19/1997,1.195,1.100
5/26/1997,1.204,0.753
6/2/1997,1.206,0.166
6/9/1997,1.198,-0.663
6/16/1997,1.189,-0.751
6/23/1997,1.179,-0.841
6/30/1997,1.171,-0.679
7/7/1997,1.169,-0.171
7/14/1997,1.165,-0.342
7/21/1997,1.170,0.429
7/28/1997,1.164,-0.513
8/4/1997,1.185,1.804
8/11/1997,1.219,2.869
8/18/1997,1.218,-0.082
8/25/1997,1.230,0.985
9/1/1997,1.229,-0.081
9/8/1997,1.227,-0.163
9/15/1997,1.219,-0.652
9/22/1997,1.208,-0.902
9/29/1997,1.195,-1.076
10/6/1997,1.195,0.000
10/13/1997,1.187,-0.669
10/20/1997,1.178,-0.758
10/27/1997,1.168,-0.849
11/3/1997,1.163,-0.428
11/10/1997,1.164,0.086
11/17/1997,1.156,-0.687
11/24/1997,1.150,-0.519
12/1/1997,1.140,-0.870
12/8/1997,1.128,-1.053
12/15/1997,1.118,-0.887
12/22/1997,1.108,-0.894
12/29/1997,1.099,-0.812
1/5/1998,1.089,-0.910
1/12/1998,1.083,-0.551
1/19/1998,1.072,-1.016
1/26/1998,1.055,-1.586
2/2/1998,1.051,-0.379
2/9/1998,1.045,-0.571
2/16/1998,1.032,-1.244
2/23/1998,1.038,0.581
3/2/1998,1.025,-1.252
3/9/1998,1.017,-0.780
3/16/1998,1.006,-1.082
3/23/1998,0.998,-0.795
3/30/1998,1.026,2.806
4/6/1998,1.023,-0.292
4/13/1998,1.018,-0.489
4/20/1998,1.021,0.295
4/27/1998,1.032,1.077
5/4/1998,1.038,0.581
5/11/1998,1.052,1.349
5/18/1998,1.055,0.285
5/25/1998,1.052,-0.284
6/1/1998,1.047,-0.475
6/8/1998,1.060,1.242
6/15/1998,1.049,-1.038
6/22/1998,1.041,-0.763
6/29/1998,1.042,0.096
7/6/1998,1.041,-0.096
7/13/1998,1.037,-0.384
7/20/1998,1.044,0.675
7/27/1998,1.035,-0.862
8/3/1998,1.023,-1.159
8/10/1998,1.018,-0.489
8/17/1998,1.011,-0.688
8/24/1998,1.004,-0.692
8/31/1998,0.998,-0.598
9/7/1998,0.991,-0.701
9/14/1998,0.987,-0.404
9/21/1998,0.999,1.216
9/28/1998,0.999,0.000
10/5/1998,1.006,0.701
10/12/1998,1.010,0.398
10/19/1998,1.007,-0.297
10/26/1998,1.001,-0.596
11/2/1998,0.997,-0.400
11/9/1998,0.994,-0.301
11/16/1998,0.981,-1.308
11/23/1998,0.971,-1.019
11/30/1998,0.954,-1.751
12/7/1998,0.933,-2.201
12/14/1998,0.923,-1.072
12/21/1998,0.921,-0.217
12/28/1998,0.914,-0.760
1/4/1999,0.913,-0.109
1/11/1999,0.920,0.767
1/18/1999,0.921,0.109
1/25/1999,0.913,-0.869
2/1/1999,0.908,-0.548
2/8/1999,0.907,-0.110
2/15/1999,0.899,-0.882
2/22/1999,0.885,-1.557
3/1/1999,0.891,0.678
3/8/1999,0.900,1.010
3/15/1999,0.958,6.444
3/22/1999,0.999,4.280
3/29/1999,1.055,5.606
4/5/1999,1.087,3.033
4/12/1999,1.107,1.840
4/19/1999,1.103,-0.361
4/26/1999,1.099,-0.363
5/3/1999,1.107,0.728
5/10/1999,1.109,0.181
5/17/1999,1.112,0.271
5/24/1999,1.101,-0.989
5/31/1999,1.088,-1.181
6/7/1999,1.092,0.368
6/14/1999,1.088,-0.366
6/21/1999,1.105,1.562
6/28/1999,1.095,-0.905
7/5/1999,1.110,1.370
7/12/1999,1.123,1.171
7/19/1999,1.148,2.226
7/26/1999,1.172,2.091
8/2/1999,1.172,0.000
8/9/1999,1.183,0.939
8/16/1999,1.214,2.620
8/23/1999,1.212,-0.165
8/30/1999,1.214,0.165
9/6/1999,1.223,0.741
9/13/1999,1.234,0.899
9/20/1999,1.252,1.459
9/27/1999,1.248,-0.319
10/4/1999,1.242,-0.481
10/11/1999,1.234,-0.644
10/18/1999,1.220,-1.135
10/25/1999,1.225,0.410
11/1/1999,1.218,-0.571
11/8/1999,1.222,0.328
11/15/1999,1.240,1.473
11/22/1999,1.258,1.452
11/29/1999,1.262,0.318
12/6/1999,1.260,-0.158
12/13/1999,1.263,0.238
12/20/1999,1.257,-0.475
12/27/1999,1.263,0.477
1/3/2000,1.260,-0.238
1/10/2000,1.252,-0.635
1/17/2000,1.268,1.278
1/24/2000,1.307,3.076
1/31/2000,1.307,0.000
2/7/2000,1.319,0.918
2/14/2000,1.350,2.350
2/21/2000,1.400,3.704
2/28/2000,1.413,0.929
3/6/2000,1.490,5.449
3/13/2000,1.511,1.409
3/20/2000,1.508,-0.199
3/27/2000,1.484,-1.592
4/3/2000,1.478,-0.404
4/10/2000,1.447,-2.097
4/17/2000,1.415,-2.211
4/24/2000,1.406,-0.636
5/1/2000,1.386,-1.422
5/8/2000,1.427,2.958
5/15/2000,1.466,2.733
5/22/2000,1.494,1.910
5/29/2000,1.509,1.004
6/5/2000,1.535,1.723
6/12/2000,1.607,4.691
6/19/2000,1.664,3.547
6/26/2000,1.641,-1.382
7/3/2000,1.606,-2.133
7/10/2000,1.571,-2.179
7/17/2000,1.521,-3.183
7/24/2000,1.499,-1.446
7/31/2000,1.447,-3.469
8/7/2000,1.437,-0.691
8/14/2000,1.420,-1.183
8/21/2000,1.444,1.690
8/28/2000,1.456,0.831
9/4/2000,1.502,3.159
9/11/2000,1.535,2.197
9/18/2000,1.539,0.261
9/25/2000,1.525,-0.910
10/2/2000,1.498,-1.770
10/9/2000,1.473,-1.669
10/16/2000,1.516,2.919
10/23/2000,1.532,1.055
10/30/2000,1.523,-0.587
11/6/2000,1.502,-1.379
11/13/2000,1.501,-0.067
11/20/2000,1.487,-0.933
11/27/2000,1.489,0.134
12/4/2000,1.464,-1.679
12/11/2000,1.425,-2.664
12/18/2000,1.396,-2.035
12/25/2000,1.388,-0.573
1/1/2001,1.377,-0.793
1/8/2001,1.400,1.670
1/15/2001,1.458,4.143
1/22/2001,1.456,-0.137
1/29/2001,1.446,-0.687
2/5/2001,1.426,-1.383
2/12/2001,1.460,2.384
2/19/2001,1.429,-2.123
2/26/2001,1.410,-1.330
3/5/2001,1.393,-1.206
3/12/2001,1.387,-0.431
3/19/2001,1.377,-0.721
3/26/2001,1.379,0.145
4/2/2001,1.411,2.321
4/9/2001,1.469,4.111
4/16/2001,1.535,4.493
4/23/2001,1.586,3.322
4/30/2001,1.585,-0.063
5/7/2001,1.659,4.669
5/14/2001,1.663,0.241
5/21/2001,1.637,-1.563
5/28/2001,1.656,1.161
6/4/2001,1.630,-1.570
6/11/2001,1.580,-3.067
6/18/2001,1.526,-3.418
6/25/2001,1.454,-4.718
7/2/2001,1.384,-4.814
7/9/2001,1.350,-2.457
7/16/2001,1.330,-1.481
7/23/2001,1.318,-0.902
7/30/2001,1.319,0.076
8/6/2001,1.319,0.000
8/13/2001,1.347,2.123
8/20/2001,1.399,3.860
8/27/2001,1.480,5.790
9/3/2001,1.538,3.919
9/10/2001,1.511,-1.756
9/17/2001,1.516,0.331
9/24/2001,1.460,-3.694
10/1/2001,1.381,-5.411
10/8/2001,1.310,-5.141
10/15/2001,1.264,-3.511
10/22/2001,1.221,-3.402
10/29/2001,1.193,-2.293
11/5/2001,1.170,-1.928
11/12/2001,1.147,-1.966
11/19/2001,1.140,-0.610
11/26/2001,1.097,-3.772
12/3/2001,1.084,-1.185
12/10/2001,1.075,-0.830
12/17/2001,1.042,-3.070
12/24/2001,1.063,2.015
12/31/2001,1.096,3.104
1/7/2002,1.109,1.186
1/14/2002,1.099,-0.902
1/21/2002,1.087,-1.092
1/28/2002,1.081,-0.552
2/4/2002,1.098,1.573
2/11/2002,1.085,-1.184
2/18/2002,1.089,0.369
2/25/2002,1.087,-0.184
3/4/2002,1.118,2.852
3/11/2002,1.194,6.798
3/18/2002,1.262,5.695
3/25/2002,1.308,3.645
4/1/2002,1.339,2.370
4/8/2002,1.382,3.211
4/15/2002,1.368,-1.013
4/22/2002,1.367,-0.073
4/29/2002,1.353,-1.024
5/6/2002,1.356,0.222
5/13/2002,1.349,-0.516
5/20/2002,1.360,0.815
5/27/2002,1.348,-0.882
6/3/2002,1.353,0.371
6/10/2002,1.332,-1.552
6/17/2002,1.335,0.225
6/24/2002,1.342,0.524
7/1/2002,1.357,1.118
7/8/2002,1.345,-0.884
7/15/2002,1.361,1.190
7/22/2002,1.381,1.470
7/29/2002,1.376,-0.362
8/5/2002,1.355,-1.526
8/12/2002,1.355,0.000
8/19/2002,1.357,0.148
8/26/2002,1.365,0.590
9/2/2002,1.353,-0.879
9/9/2002,1.355,0.148
9/16/2002,1.367,0.886
9/23/2002,1.357,-0.732
9/30/2002,1.385,2.063
10/7/2002,1.416,2.238
10/14/2002,1.422,0.424
10/21/2002,1.443,1.477
10/28/2002,1.427,-1.109
11/4/2002,1.427,0.000
11/11/2002,1.406,-1.472
11/18/2002,1.370,-2.560
11/25/2002,1.336,-2.482
12/2/2002,1.316,-1.497
12/9/2002,1.316,0.000
12/16/2002,1.322,0.456
12/23/2002,1.371,3.707
12/30/2002,1.417,3.355
1/6/2003,1.412,-0.353
1/13/2003,1.423,0.779
1/20/2003,1.422,-0.070
1/27/2003,1.437,1.055
2/3/2003,1.499,4.315
2/10/2003,1.582,5.537
2/17/2003,1.630,3.034
2/24/2003,1.617,-0.798
3/3/2003,1.641,1.484
3/10/2003,1.663,1.341
3/17/2003,1.673,0.601
3/24/2003,1.626,-2.809
3/31/2003,1.577,-3.014
4/7/2003,1.557,-1.268
4/14/2003,1.521,-2.312
4/21/2003,1.504,-1.118
4/28/2003,1.486,-1.197
5/5/2003,1.441,-3.028
5/12/2003,1.427,-0.972
5/19/2003,1.444,1.191
5/26/2003,1.439,-0.346
6/2/2003,1.428,-0.764
6/9/2003,1.456,1.961
6/16/2003,1.480,1.648
6/23/2003,1.451,-1.959
6/30/2003,1.443,-0.551
7/7/2003,1.448,0.347
7/14/2003,1.489,2.831
7/21/2003,1.496,0.470
7/28/2003,1.488,-0.535
8/4/2003,1.516,1.882
8/11/2003,1.550,2.243
8/18/2003,1.594,2.839
8/25/2003,1.693,6.211
9/1/2003,1.688,-0.295
9/8/2003,1.653,-2.073
9/15/2003,1.636,-1.028
9/22/2003,1.580,-3.423
9/29/2003,1.524,-3.544
10/6/2003,1.511,-0.853
10/13/2003,1.515,0.265
10/20/2003,1.527,0.792
10/27/2003,1.499,-1.834
11/3/2003,1.494,-0.334
11/10/2003,1.464,-2.008
11/17/2003,1.459,-0.342
11/24/2003,1.478,1.302
12/1/2003,1.454,-1.624
12/8/2003,1.441,-0.894
12/15/2003,1.433,-0.555
12/22/2003,1.459,1.814
12/29/2003,1.454,-0.343
1/5/2004,1.492,2.613
1/12/2004,1.544,3.485
1/19/2004,1.579,2.267
1/26/2004,1.604,1.583
2/2/2004,1.591,-0.810
2/9/2004,1.609,1.131
2/16/2004,1.617,0.497
2/23/2004,1.641,1.484
3/1/2004,1.664,1.402
3/8/2004,1.690,1.563
3/15/2004,1.675,-0.888
3/22/2004,1.698,1.373
3/29/2004,1.716,1.060
4/5/2004,1.737,1.224
4/12/2004,1.740,0.173
4/19/2004,1.773,1.897
4/26/2004,1.774,0.056
5/3/2004,1.811,2.086
5/10/2004,1.904,5.135
5/17/2004,1.979,3.939
5/24/2004,2.026,2.375
5/31/2004,2.004,-1.086
6/7/2004,1.983,-1.048
6/14/2004,1.926,-2.874
6/21/2004,1.873,-2.752
6/28/2004,1.859,-0.747
7/5/2004,1.835,-1.291
7/12/2004,1.869,1.853
7/19/2004,1.888,1.017
7/26/2004,1.861,-1.430
8/2/2004,1.846,-0.806
8/9/2004,1.839,-0.379
8/16/2004,1.842,0.163
8/23/2004,1.854,0.651
8/30/2004,1.827,-1.456
9/6/2004,1.815,-0.657
9/13/2004,1.813,-0.110
9/20/2004,1.839,1.434
9/27/2004,1.895,3.045
10/4/2004,1.902,0.369
10/11/2004,1.949,2.471
10/18/2004,1.984,1.796
10/25/2004,1.980,-0.202
11/1/2004,1.986,0.303
11/8/2004,1.951,-1.762
11/15/2004,1.918,-1.691
11/22/2004,1.901,-0.886
11/29/2004,1.903,0.105
12/6/2004,1.868,-1.839
12/13/2004,1.799,-3.694
12/20/2004,1.777,-1.223
12/27/2004,1.754,-1.294
1/3/2005,1.745,-0.513
1/10/2005,1.771,1.490
1/17/2005,1.802,1.750
1/24/2005,1.839,2.053
1/31/2005,1.896,3.100
2/7/2005,1.890,-0.316
2/14/2005,1.873,-0.899
2/21/2005,1.878,0.267
2/28/2005,1.904,1.384
3/7/2005,1.979,3.939
3/14/2005,2.039,3.032
3/21/2005,2.095,2.746
3/28/2005,2.137,2.005
4/4/2005,2.196,2.761
4/11/2005,2.251,2.505
4/18/2005,2.198,-2.355
4/25/2005,2.197,-0.045
5/2/2005,2.191,-0.273
5/9/2005,2.137,-2.465
5/16/2005,2.116,-0.983
5/23/2005,2.077,-1.843
5/30/2005,2.051,-1.252
6/6/2005,2.078,1.316
6/13/2005,2.099,1.011
6/20/2005,2.128,1.382
6/27/2005,2.186,2.726
7/4/2005,2.189,0.137
7/11/2005,2.292,4.705
7/18/2005,2.272,-0.873
7/25/2005,2.235,-1.629
8/1/2005,2.239,0.179
8/8/2005,2.323,3.752
8/15/2005,2.519,8.437
8/22/2005,2.583,2.541
8/29/2005,2.581,-0.077
9/5/2005,3.037,17.668
9/12/2005,2.912,-4.116
9/19/2005,2.730,-6.250
9/26/2005,2.767,1.355
10/3/2005,2.922,5.602
10/10/2005,2.828,-3.217
10/17/2005,2.693,-4.774
10/24/2005,2.564,-4.790
10/31/2005,2.438,-4.914
11/7/2005,2.336,-4.184
11/14/2005,2.258,-3.339
11/21/2005,2.168,-3.986
11/28/2005,2.124,-2.030
12/5/2005,2.127,0.141
12/12/2005,2.175,2.257
12/19/2005,2.205,1.379
12/26/2005,2.188,-0.771
1/2/2006,2.236,2.194
1/9/2006,2.321,3.801
1/16/2006,2.297,-1.034
1/23/2006,2.314,0.740
1/30/2006,2.332,0.778
2/6/2006,2.310,-0.943
2/13/2006,2.246,-2.771
2/20/2006,2.205,-1.825
2/27/2006,2.236,1.406
3/6/2006,2.321,3.801
3/13/2006,2.355,1.465
3/20/2006,2.495,5.945
3/27/2006,2.479,-0.641
4/3/2006,2.567,3.550
4/10/2006,2.663,3.740
4/17/2006,2.764,3.793
4/24/2006,2.881,4.233
5/1/2006,2.866,-0.521
5/8/2006,2.834,-1.117
5/15/2006,2.871,1.306
5/22/2006,2.801,-2.438
5/29/2006,2.784,-0.607
6/5/2006,2.811,0.970
6/12/2006,2.833,0.783
6/19/2006,2.793,-1.412
6/26/2006,2.796,0.107
7/3/2006,2.873,2.754
7/10/2006,2.910,1.288
7/17/2006,2.928,0.619
7/24/2006,2.950,0.751
7/31/2006,2.955,0.169
8/7/2006,3.004,1.658
8/14/2006,2.958,-1.531
8/21/2006,2.877,-2.738
8/28/2006,2.800,-2.676
9/4/2006,2.680,-4.286
9/11/2006,2.563,-4.366
9/18/2006,2.441,-4.760
9/25/2006,2.320,-4.957
10/2/2006,2.263,-2.457
10/9/2006,2.222,-1.812
10/16/2006,2.195,-1.215
10/23/2006,2.186,-0.410
10/30/2006,2.204,0.823
11/6/2006,2.189,-0.681
11/13/2006,2.216,1.233
11/20/2006,2.218,0.090
11/27/2006,2.221,0.135
12/4/2006,2.277,2.521
12/11/2006,2.267,-0.439
12/18/2006,2.290,1.015
12/25/2006,2.303,0.568
1/1/2007,2.296,-0.304
1/8/2007,2.258,-1.655
1/15/2007,2.173,-3.764
1/22/2007,2.107,-3.037
1/29/2007,2.119,0.570
2/5/2007,2.151,1.510
2/12/2007,2.198,2.185
2/19/2007,2.251,2.411
2/26/2007,2.338,3.865
3/5/2007,2.460,5.218
3/12/2007,2.499,1.585
3/19/2007,2.511,0.480
3/26/2007,2.540,1.155
4/2/2007,2.636,3.780
4/9/2007,2.746,4.173
4/16/2007,2.822,2.768
4/23/2007,2.811,-0.390
4/30/2007,2.922,3.949
5/7/2007,3.002,2.738
5/14/2007,3.069,2.232
5/21/2007,3.211,4.627
5/28/2007,3.195,-0.498
6/4/2007,3.132,-1.972
6/11/2007,3.040,-2.937
6/18/2007,2.974,-2.171
6/25/2007,2.951,-0.773
7/2/2007,2.933,-0.610
7/9/2007,2.971,1.296
7/16/2007,3.046,2.524
7/23/2007,2.938,-3.546
7/30/2007,2.849,-3.029
8/6/2007,2.816,-1.158
8/13/2007,2.752,-2.273
8/20/2007,2.783,1.126
8/27/2007,2.756,-0.970
9/3/2007,2.818,2.250
9/10/2007,2.840,0.781
9/17/2007,2.792,-1.690
9/24/2007,2.816,0.860
10/1/2007,2.784,-1.136
10/8/2007,2.761,-0.826
10/15/2007,2.746,-0.543
10/22/2007,2.806,2.185
10/29/2007,2.859,1.889
11/5/2007,3.007,5.177
11/12/2007,3.101,3.126
11/19/2007,3.077,-0.774
11/26/2007,3.072,-0.162
12/3/2007,3.029,-1.400
12/10/2007,2.957,-2.377
12/17/2007,2.962,0.169
12/24/2007,2.943,-0.641
12/31/2007,3.028,2.888
1/7/2008,3.088,1.982
1/14/2008,3.041,-1.522
1/21/2008,2.991,-1.644
1/28/2008,2.953,-1.270
2/4/2008,2.966,0.440
2/11/2008,2.947,-0.641
2/18/2008,3.035,2.986
2/25/2008,3.115,2.636
3/3/2008,3.137,0.706
3/10/2008,3.200,2.008
3/17/2008,3.257,1.781
3/24/2008,3.224,-1.013
3/31/2008,3.259,1.086
4/7/2008,3.299,1.227
4/14/2008,3.350,1.546
4/21/2008,3.467,3.493
4/28/2008,3.566,2.855
5/5/2008,3.571,0.140
5/12/2008,3.694,3.444
5/19/2008,3.762,1.841
5/26/2008,3.913,4.014
6/2/2008,3.932,0.486
6/9/2008,3.979,1.195
6/16/2008,4.007,0.704
6/23/2008,4.002,-0.125
6/30/2008,4.027,0.625
7/7/2008,4.051,0.596
7/14/2008,4.054,0.074
7/21/2008,4.005,-1.209
7/28/2008,3.896,-2.722
8/4/2008,3.828,-1.745
8/11/2008,3.764,-1.672
8/18/2008,3.706,-1.541
8/25/2008,3.660,-1.241
9/1/2008,3.667,0.191
9/8/2008,3.637,-0.818
9/15/2008,3.867,6.324
9/22/2008,3.732,-3.491
9/29/2008,3.644,-2.358
10/6/2008,3.485,-4.363
10/13/2008,3.109,-10.789
10/20/2008,2.855,-8.170
10/27/2008,2.589,-9.317
11/3/2008,2.340,-9.618
11/10/2008,2.170,-7.265
11/17/2008,2.027,-6.590
11/24/2008,1.857,-8.387
12/1/2008,1.790,-3.608
12/8/2008,1.681,-6.089
12/15/2008,1.648,-1.963
12/22/2008,1.635,-0.789
12/29/2008,1.590,-2.752
1/5/2009,1.672,5.157
1/12/2009,1.772,5.981
1/19/2009,1.832,3.386
1/26/2009,1.813,-1.037
2/2/2009,1.871,3.199
2/9/2009,1.897,1.390
2/16/2009,1.931,1.792
2/23/2009,1.868,-3.263
3/2/2009,1.910,2.248
3/9/2009,1.918,0.419
3/16/2009,1.885,-1.721
3/23/2009,1.944,3.130
3/30/2009,2.030,4.424
4/6/2009,2.011,-0.936
4/13/2009,2.025,0.696
4/20/2009,2.031,0.296
4/27/2009,2.016,-0.739
5/4/2009,2.045,1.438
5/11/2009,2.218,8.460
5/18/2009,2.281,2.840
5/25/2009,2.414,5.831
6/1/2009,2.502,3.645
6/8/2009,2.600,3.917
6/15/2009,2.639,1.500
6/22/2009,2.650,0.417
6/29/2009,2.593,-2.151
7/6/2009,2.563,-1.157
7/13/2009,2.479,-3.277
7/20/2009,2.411,-2.743
7/27/2009,2.460,2.032
8/3/2009,2.511,2.073
8/10/2009,2.596,3.385
8/17/2009,2.580,-0.616
8/24/2009,2.572,-0.310
8/31/2009,2.553,-0.739
9/7/2009,2.519,-1.332
9/14/2009,2.499,-0.794
9/21/2009,2.477,-0.880
9/28/2009,2.425,-2.099
10/5/2009,2.396,-1.196
10/12/2009,2.432,1.503
10/19/2009,2.532,4.112
10/26/2009,2.641,4.305
11/2/2009,2.660,0.719
11/9/2009,2.627,-1.241
11/16/2009,2.585,-1.599
11/23/2009,2.603,0.696
11/30/2009,2.594,-0.346
12/7/2009,2.601,0.270
12/14/2009,2.560,-1.576
12/21/2009,2.546,-0.547
12/28/2009,2.564,0.707
1/4/2010,2.627,2.457
1/11/2010,2.717,3.426
1/18/2010,2.703,-0.515
1/25/2010,2.666,-1.369
2/1/2010,2.618,-1.800
2/8/2010,2.611,-0.267
2/15/2010,2.563,-1.838
2/22/2010,2.621,2.263
3/1/2010,2.671,1.908
3/8/2010,2.721,1.872
3/15/2010,2.760,1.433
3/22/2010,2.792,1.159
3/29/2010,2.765,-0.967
4/5/2010,2.795,1.085
4/12/2010,2.829,1.216
4/19/2010,2.831,0.071
4/26/2010,2.815,-0.565
5/3/2010,2.864,1.741
5/10/2010,2.870,0.209
5/17/2010,2.823,-1.638
5/24/2010,2.741,-2.905
5/31/2010,2.679,-2.262
6/7/2010,2.674,-0.187
6/14/2010,2.652,-0.823
6/21/2010,2.696,1.659
6/28/2010,2.712,0.593
7/5/2010,2.676,-1.327
7/12/2010,2.666,-0.374
7/19/2010,2.672,0.225
7/26/2010,2.703,1.160
8/2/2010,2.687,-0.592
8/9/2010,2.740,1.972
8/16/2010,2.696,-1.606
8/23/2010,2.653,-1.595
8/30/2010,2.640,-0.490
9/6/2010,2.647,0.265
9/13/2010,2.695,1.813
9/20/2010,2.703,0.297
9/27/2010,2.668,-1.295
10/4/2010,2.705,1.387
10/11/2010,2.793,3.253
10/18/2010,2.795,0.072
10/25/2010,2.772,-0.823
11/1/2010,2.760,-0.433
11/8/2010,2.832,2.609
11/15/2010,2.849,0.600
11/22/2010,2.828,-0.737
11/29/2010,2.805,-0.813
12/6/2010,2.917,3.993
12/13/2010,2.937,0.686
12/20/2010,2.934,-0.102
12/27/2010,3.015,2.761
1/3/2011,3.034,0.630
1/10/2011,3.052,0.593
1/17/2011,3.068,0.524
1/24/2011,3.074,0.196
1/31/2011,3.061,-0.423
2/7/2011,3.094,1.078
2/14/2011,3.095,0.032
2/21/2011,3.141,1.486
2/28/2011,3.341,6.367
3/7/2011,3.473,3.951
3/14/2011,3.517,1.267
3/21/2011,3.507,-0.284
3/28/2011,3.538,0.884
4/4/2011,3.635,2.742
4/11/2011,3.743,2.971
4/18/2011,3.787,1.176
4/25/2011,3.817,0.792
5/2/2011,3.906,2.332
5/9/2011,3.907,0.026
5/16/2011,3.905,-0.051
5/23/2011,3.788,-2.996
5/30/2011,3.741,-1.241
6/6/2011,3.738,-0.080
6/13/2011,3.664,-1.980
6/20/2011,3.597,-1.829
6/27/2011,3.513,-2.335
7/4/2011,3.534,0.598
7/11/2011,3.608,2.094
7/18/2011,3.648,1.109
7/25/2011,3.667,0.521
8/1/2011,3.684,0.464
8/8/2011,3.646,-1.031
8/15/2011,3.576,-1.920
8/22/2011,3.552,-0.671
8/29/2011,3.601,1.380
9/5/2011,3.643,1.166
9/12/2011,3.629,-0.384
9/19/2011,3.560,-1.901
9/26/2011,3.461,-2.781
10/3/2011,3.381,-2.311
10/10/2011,3.368,-0.385
10/17/2011,3.431,1.871
10/24/2011,3.415,-0.466
10/31/2011,3.405,-0.293
11/7/2011,3.370,-1.028
11/14/2011,3.388,0.534
11/21/2011,3.312,-2.243
11/28/2011,3.248,-1.932
12/5/2011,3.240,-0.246
12/12/2011,3.244,0.123
12/19/2011,3.183,-1.880
12/26/2011,3.213,0.943
1/2/2012,3.254,1.276
1/9/2012,3.333,2.428
1/16/2012,3.342,0.270
1/23/2012,3.333,-0.269
1/30/2012,3.386,1.590
2/6/2012,3.436,1.477
2/13/2012,3.466,0.873
2/20/2012,3.523,1.645
2/27/2012,3.641,3.349
3/5/2012,3.717,2.087
3/12/2012,3.747,0.807
3/19/2012,3.787,1.068
3/26/2012,3.843,1.479
4/2/2012,3.874,0.807
4/9/2012,3.877,0.077
4/16/2012,3.867,-0.258
4/23/2012,3.805,-1.603
4/30/2012,3.764,-1.078
5/7/2012,3.718,-1.222
5/14/2012,3.658,-1.614
5/21/2012,3.622,-0.984
5/28/2012,3.575,-1.298
6/4/2012,3.518,-1.594
6/11/2012,3.489,-0.824
6/18/2012,3.473,-0.459
6/25/2012,3.378,-2.735
7/2/2012,3.291,-2.575
7/9/2012,3.357,2.005
7/16/2012,3.364,0.209
7/23/2012,3.435,2.111
7/30/2012,3.450,0.437
8/6/2012,3.606,4.522
8/13/2012,3.662,1.553
8/20/2012,3.682,0.546
8/27/2012,3.722,1.086
9/3/2012,3.797,2.015
9/10/2012,3.799,0.053
9/17/2012,3.832,0.869
9/24/2012,3.775,-1.487
10/1/2012,3.750,-0.662
10/8/2012,3.742,-0.213
10/15/2012,3.713,-0.775
10/22/2012,3.582,-3.528
10/29/2012,3.480,-2.848
11/5/2012,3.406,-2.126
11/12/2012,3.372,-0.998
11/19/2012,3.360,-0.356
11/26/2012,3.382,0.655
12/3/2012,3.337,-1.331
12/10/2012,3.297,-1.199
12/17/2012,3.198,-3.003
12/24/2012,3.205,0.219
12/31/2012,3.245,1.248
1/7/2013,3.233,-0.370
1/14/2013,3.236,0.093
1/21/2013,3.254,0.556
1/28/2013,3.296,1.291
2/4/2013,3.471,5.309
2/11/2013,3.537,1.901
2/18/2013,3.690,4.326
2/25/2013,3.722,0.867
3/4/2013,3.698,-0.645
3/11/2013,3.644,-1.460
3/18/2013,3.633,-0.302
3/25/2013,3.616,-0.468
4/1/2013,3.572,-1.217
4/8/2013,3.539,-0.924
4/15/2013,3.469,-1.978
4/22/2013,3.472,0.086
4/29/2013,3.455,-0.490
5/6/2013,3.478,0.666
5/13/2013,3.543,1.869
5/20/2013,3.636,2.625
5/27/2013,3.601,-0.963
6/3/2013,3.610,0.250
6/10/2013,3.619,0.249
6/17/2013,3.577,-1.161
6/24/2013,3.498,-2.209
7/1/2013,3.410,-2.516
7/8/2013,3.413,0.088
7/15/2013,3.570,4.600
7/22/2013,3.612,1.176
7/29/2013,3.570,-1.163
8/5/2013,3.566,-0.112
8/12/2013,3.493,-2.047
8/19/2013,3.496,0.086
8/26/2013,3.504,0.229
9/2/2013,3.575,2.026
9/9/2013,3.540,-0.979
9/16/2013,3.475,-1.836
9/23/2013,3.425,-1.439
9/30/2013,3.354,-2.073
10/7/2013,3.298,-1.670
10/14/2013,3.296,-0.061
10/21/2013,3.310,0.425
10/28/2013,3.235,-2.266
11/4/2013,3.209,-0.804
11/11/2013,3.133,-2.368
11/18/2013,3.161,0.894
11/25/2013,3.241,2.531
12/2/2013,3.209,-0.987
12/9/2013,3.208,-0.031
12/16/2013,3.165,-1.340
12/23/2013,3.198,1.043
12/30/2013,3.264,2.064
1/6/2014,3.261,-0.092
1/13/2014,3.267,0.184
1/20/2014,3.240,-0.826
1/27/2014,3.241,0.031
2/3/2014,3.243,0.062
2/10/2014,3.257,0.432
2/17/2014,3.326,2.119
2/24/2014,3.394,2.044
3/3/2014,3.421,0.796
3/10/2014,3.452,0.906
3/17/2014,3.489,1.072
3/24/2014,3.487,-0.057
3/31/2014,3.521,0.975
4/7/2014,3.533,0.341
4/14/2014,3.581,1.359
4/21/2014,3.612,0.866
4/28/2014,3.635,0.637
5/5/2014,3.606,-0.798
5/12/2014,3.597,-0.250
5/19/2014,3.593,-0.111
5/26/2014,3.607,0.390
6/2/2014,3.624,0.471
6/9/2014,3.610,-0.386
6/16/2014,3.621,0.305
6/23/2014,3.639,0.497
6/30/2014,3.635,-0.110
7/7/2014,3.605,-0.825
7/14/2014,3.560,-1.248
7/21/2014,3.523,-1.039
7/28/2014,3.468,-1.561
8/4/2014,3.449,-0.548
8/11/2014,3.447,-0.058
8/18/2014,3.408,-1.131
8/25/2014,3.397,-0.323
9/1/2014,3.410,0.383
9/8/2014,3.406,-0.117
9/15/2014,3.352,-1.585
9/22/2014,3.296,-1.671
9/29/2014,3.304,0.243
10/6/2014,3.246,-1.755
10/13/2014,3.147,-3.050
10/20/2014,3.070,-2.447
10/27/2014,3.016,-1.759
11/3/2014,2.956,-1.989
11/10/2014,2.907,-1.658
11/17/2014,2.856,-1.754
11/24/2014,2.781,-2.626
12/1/2014,2.738,-1.546
12/8/2014,2.634,-3.798
12/15/2014,2.499,-5.125
12/22/2014,2.341,-6.323
12/29/2014,2.229,-4.784
1/5/2015,2.136,-4.172
1/12/2015,2.066,-3.277
1/19/2015,1.999,-3.243
1/26/2015,1.982,-0.850
2/2/2015,2.013,1.564
2/9/2015,2.133,5.961
2/16/2015,2.206,3.422
2/23/2015,2.256,2.267
3/2/2015,2.360,4.610
3/9/2015,2.367,0.297
3/16/2015,2.339,-1.183
3/23/2015,2.347,0.342
3/30/2015,2.348,0.043
4/6/2015,2.315,-1.405
4/13/2015,2.317,0.086
4/20/2015,2.393,3.280
4/27/2015,2.451,2.424
5/4/2015,2.517,2.693
5/11/2015,2.547,1.192
5/18/2015,2.604,2.238
5/25/2015,2.642,1.459
6/1/2015,2.656,0.530
6/8/2015,2.668,0.452
6/15/2015,2.744,2.849
6/22/2015,2.720,-0.875
6/29/2015,2.713,-0.257
7/6/2015,2.702,-0.405
7/13/2015,2.694,-0.296
7/20/2015,2.661,-1.225
7/27/2015,2.605,-2.104
8/3/2015,2.555,-1.919
8/10/2015,2.505,-1.957
8/17/2015,2.608,4.112
8/24/2015,2.534,-2.837
8/31/2015,2.406,-5.051
9/7/2015,2.337,-2.868
9/14/2015,2.280,-2.439
9/21/2015,2.237,-1.886
9/28/2015,2.246,0.402
10/5/2015,2.252,0.267
10/12/2015,2.283,1.377
10/19/2015,2.220,-2.760
10/26/2015,2.166,-2.432
11/2/2015,2.170,0.185
11/9/2015,2.172,0.092
11/16/2015,2.110,-2.855
11/23/2015,2.015,-4.502
11/30/2015,1.974,-2.035
12/7/2015,1.969,-0.253
12/14/2015,1.953,-0.813
12/21/2015,1.929,-1.229
12/28/2015,1.933,0.207
1/4/2016,1.922,-0.569
1/11/2016,1.888,-1.769
1/18/2016,1.810,-4.131
1/25/2016,1.752,-3.204
,,
